SR_PCODE,SR_NAME,SR_MM_NAME,TS_PCODE,TS_NAME,TS_MM_NAME,POP,Under_5_POP,Above_60_POP,MEAN_HH_Size,BED,PHYSNB,NURSNB,HSNB
MMR001,Kachin,ကချင်ပြည်နယ်,MMR001001,Myitkyina,မြစ်ကြီးနား,238394,28874,22276,5,575,70,283,6
MMR001,Kachin,ကချင်ပြည်နယ်,MMR001002,Waingmaw,ဝိုင်းမော်,114326,13777,8890,5,82,5,46,4
MMR001,Kachin,ကချင်ပြည်နယ်,MMR001003,Injangyang,အင်ဂျန်းယန်,8199,199,66,5,25,1,9,1
MMR001,Kachin,ကချင်ပြည်နယ်,MMR001004,Tanai,တနိုင်း,55368,6809,2569,6,66,8,36,5
MMR001,Kachin,ကချင်ပြည်နယ်,MMR001005,Chipwi,ချီဗွေ,20881,2689,1043,6,NA,1,19,1
MMR001,Kachin,ကချင်ပြည်နယ်,MMR001006,Tsawlaw,ဆော့လော်,7428,960,421,6,25,1,8,1
MMR001,Kachin,ကချင်ပြည်နယ်,MMR001007,Mohnyin,မိုးညှင်း,204950,18731,16056,5,205,37,110,6
MMR001,Kachin,ကချင်ပြည်နယ်,MMR001008,Mogaung,မိုးကောင်း,140807,12999,10267,5,98,9,34,4
MMR001,Kachin,ကချင်ပြည်နယ်,MMR001009,Hpakant,ဖားကန့်,125033,25634,9756,5,NA,15,52,5
MMR001,Kachin,ကချင်ပြည်နယ်,MMR001010,Bhamo,ဗန်းမော်,129327,12714,9895,5,216,57,163,7
MMR001,Kachin,ကချင်ပြည်နယ်,MMR001011,Shwegu,ရွှေကူ,87291,9612,6014,5,114,8,41,7
MMR001,Kachin,ကချင်ပြည်နယ်,MMR001012,Momauk,မိုးမောက်,84566,5941,5213,5,98,7,31,6
MMR001,Kachin,ကချင်ပြည်နယ်,MMR001013,Mansi,မန်စီ,77411,4999,3653,5,NA,3,12,4
MMR001,Kachin,ကချင်ပြည်နယ်,MMR001014,Puta-O,ပူတာအို,63203,8081,4325,6,132,11,59,2
MMR001,Kachin,ကချင်ပြည်နယ်,MMR001015,Sumprabum,ဆွမ်ပရာဘွမ်,10428,304,164,5,50,1,5,0
MMR001,Kachin,ကချင်ပြည်နယ်,MMR001016,Machanbaw,မချမ်းဘော,9244,1257,666,5,41,3,17,2
MMR001,Kachin,ကချင်ပြည်နယ်,MMR001017,Nawngmun,နောင်မွန်း,5790,1033,561,6,NA,1,11,1
MMR001,Kachin,ကချင်ပြည်နယ်,MMR001018,Khaunglanhpu,ခေါင်လန်ဖူး,13179,758,777,7,25,1,4,2
MMR002,Kayah,ကယားပြည်နယ်,MMR002001,Loikaw,လွိုင်ကော်,118683,13242,8512,5,532,86,260,4
MMR002,Kayah,ကယားပြည်နယ်,MMR002002,Demoso,ဒီမောဆို,86790,10426,4540,5,NA,6,28,8
MMR002,Kayah,ကယားပြည်နယ်,MMR002003,Hpruso,ဖရူဆို,29651,4149,1756,5,41,4,15,5
MMR002,Kayah,ကယားပြည်နယ်,MMR002004,Shadaw,ရှားတော,7076,837,471,5,41,3,13,2
MMR002,Kayah,ကယားပြည်နယ်,MMR002005,Bawlakhe,ဘောလခဲ,7508,1056,523,4,50,5,13,2
MMR002,Kayah,ကယားပြည်နယ်,MMR002006,Hpasawng,ဖားဆောင်း,22490,3047,1111,5,41,5,15,1
MMR002,Kayah,ကယားပြည်နယ်,MMR002007,Mese,မယ်စဲ့,6835,729,266,4,41,4,14,1
MMR003,Kayin,ကရင်ပြည်နယ်,MMR003001,Hpa-An,ဘားအံ,396707,46570,41354,5,289,13,33,15
MMR003,Kayin,ကရင်ပြည်နယ်,MMR003002,Hlaingbwe,လှိုင်းဘွဲ့,276108,33365,24100,5,139,8,61,10
MMR003,Kayin,ကရင်ပြည်နယ်,MMR003003,Hpapun,ဖာပွန်,115755,4021,2105,5,141,9,62,4
MMR003,Kayin,ကရင်ပြည်နယ်,MMR003004,Thandaunggyi,သံတောင်ကြီး,88728,12649,5647,5,82,7,27,6
MMR003,Kayin,ကရင်ပြည်နယ်,MMR003005,Myawaddy,မြဝတီ,132346,24388,10421,5,164,22,67,3
MMR003,Kayin,ကရင်ပြည်နယ်,MMR003006,Kawkareik,ကော့ကရိတ်,239907,24938,21172,5,173,24,62,5
MMR003,Kayin,ကရင်ပြည်နယ်,MMR003007,Kyainseikgyi,ကြာအင်းဆိပ်ကြီး,246065,30586,17518,5,123,9,44,9
MMR004,Chin,ချင်းပြည်နယ်,MMR004001,Falam,ဖလမ်း,53170,5893,3875,5,248,20,110,1
MMR004,Chin,ချင်းပြည်နယ်,MMR004002,Hakha,ဟားခါး,45857,5679,4365,5,216,29,124,2
MMR004,Chin,ချင်းပြည်နယ်,MMR004003,Thantlang,ထန်တလန်,51857,7064,4242,5,114,4,25,8
MMR004,Chin,ချင်းပြည်နယ်,MMR004004,Tedim,တီးတိန်,96624,12044,5684,6,148,11,99,11
MMR004,Chin,ချင်းပြည်နယ်,MMR004005,Tonzang,တွန်းဇံ,32650,4822,1846,6,25,3,22,4
MMR004,Chin,ချင်းပြည်နယ်,MMR004006,Mindat,မင်းတပ်,46249,6506,3246,5,132,14,74,6
MMR004,Chin,ချင်းပြည်နယ်,MMR004007,Matupi,မတူပီ,56287,6812,4766,5,98,4,45,4
MMR004,Chin,ချင်းပြည်နယ်,MMR004008,Kanpetlet,ကန်ပက်လက်,23007,3463,1369,5,66,3,23,3
MMR004,Chin,ချင်းပြည်နယ်,MMR004009,Paletwa,ပလက်ဝ,98583,13657,6403,5,82,5,27,5
MMR005,Sagaing,စစ်ကိုင်းတိုင်းဒေသကြီး,MMR005001,Sagaing,စစ်ကိုင်း,282082,21749,34557,4,264,9,3,8
MMR005,Sagaing,စစ်ကိုင်းတိုင်းဒေသကြီး,MMR005002,Myinmu,မြင်းမူ,114794,7415,13563,4,82,8,18,3
MMR005,Sagaing,စစ်ကိုင်းတိုင်းဒေသကြီး,MMR005003,Myaung,မြောင်,112466,7616,13842,4,82,9,19,6
MMR005,Sagaing,စစ်ကိုင်းတိုင်းဒေသကြီး,MMR005004,Shwebo,ရွှေဘို,261875,19450,27701,5,264,75,102,10
MMR005,Sagaing,စစ်ကိုင်းတိုင်းဒေသကြီး,MMR005005,Khin-U,ခင်ဦး,151308,11690,15073,4,57,7,13,7
MMR005,Sagaing,စစ်ကိုင်းတိုင်းဒေသကြီး,MMR005006,Wetlet,ဝက်လက်,209375,14579,23860,4,73,8,19,7
MMR005,Sagaing,စစ်ကိုင်းတိုင်းဒေသကြီး,MMR005007,Kanbalu,ကန့်ဘလူ,294015,26523,23823,5,148,25,38,8
MMR005,Sagaing,စစ်ကိုင်းတိုင်းဒေသကြီး,MMR005008,Kyunhla,ကျွန်းလှ,94713,9772,8055,5,130,10,26,6
MMR005,Sagaing,စစ်ကိုင်းတိုင်းဒေသကြီး,MMR005009,Ye-U,ရေဦး,136418,10002,14468,4,150,35,95,6
MMR005,Sagaing,စစ်ကိုင်းတိုင်းဒေသကြီး,MMR005010,Tabayin,ဒီပဲယင်း,177186,12509,15785,5,89,9,15,6
MMR005,Sagaing,စစ်ကိုင်းတိုင်းဒေသကြီး,MMR005011,Taze,တန့်ဆည်,179778,15385,18818,5,89,12,16,8
MMR005,Sagaing,စစ်ကိုင်းတိုင်းဒေသကြီး,MMR005012,Monywa,မုံရွာ,344672,26716,37427,5,732,10,10,14
MMR005,Sagaing,စစ်ကိုင်းတိုင်းဒေသကြီး,MMR005013,Budalin,ဘုတလင်,141974,10081,15484,4,82,8,27,5
MMR005,Sagaing,စစ်ကိုင်းတိုင်းဒေသကြီး,MMR005014,Ayadaw,အရာတော်,160411,12085,18270,4,57,5,20,5
MMR005,Sagaing,စစ်ကိုင်းတိုင်းဒေသကြီး,MMR005015,Chaung-U,ချောင်းဦး,106751,7983,12316,4,57,12,14,3
MMR005,Sagaing,စစ်ကိုင်းတိုင်းဒေသကြီး,MMR005016,Yinmabin,ယင်းမာပင်,150123,11510,14613,5,82,6,17,4
MMR005,Sagaing,စစ်ကိုင်းတိုင်းဒေသကြီး,MMR005017,Kani,ကနီ,143843,11387,12975,5,73,7,19,6
MMR005,Sagaing,စစ်ကိုင်းတိုင်းဒေသကြီး,MMR005018,Salingyi,ဆားလင်းကြီး,13201,9089,13888,4,73,7,20,5
MMR005,Sagaing,စစ်ကိုင်းတိုင်းဒေသကြီး,MMR005019,Pale,ပုလဲ,156269,12310,15590,4,57,5,17,6
MMR005,Sagaing,စစ်ကိုင်းတိုင်းဒေသကြီး,MMR005020,Katha,ကသာ,160623,17122,11029,5,180,28,38,6
MMR005,Sagaing,စစ်ကိုင်းတိုင်းဒေသကြီး,MMR005021,Indaw,အင်းတော်,125096,11922,9832,5,56,6,8,3
MMR005,Sagaing,စစ်ကိုင်းတိုင်းဒေသကြီး,MMR005022,Tigyaing,ထီးချိုင့်,120370,12322,9422,5,139,11,16,5
MMR005,Sagaing,စစ်ကိုင်းတိုင်းဒေသကြီး,MMR005023,Banmauk,ဗန်းမောက်,101055,13376,6853,5,57,7,15,4
MMR005,Sagaing,စစ်ကိုင်းတိုင်းဒေသကြီး,MMR005024,Kawlin,ကောလင်း,151435,12260,12381,5,98,6,12,8
MMR005,Sagaing,စစ်ကိုင်းတိုင်းဒေသကြီး,MMR005025,Wuntho,ဝန်းသို,73636,7377,5851,5,57,8,10,2
MMR005,Sagaing,စစ်ကိုင်းတိုင်းဒေသကြီး,MMR005026,Pinlebu,ပင်လည်ဘူး,119352,12014,8723,5,57,9,12,4
MMR005,Sagaing,စစ်ကိုင်းတိုင်းဒေသကြီး,MMR005027,Kale,ကလေး,338079,33570,26405,5,348,81,136,8
MMR005,Sagaing,စစ်ကိုင်းတိုင်းဒေသကြီး,MMR005028,Kalewa,ကလေးဝ,57096,5044,4329,5,41,4,7,6
MMR005,Sagaing,စစ်ကိုင်းတိုင်းဒေသကြီး,MMR005029,Mingin,မင်းကင်း,106874,10119,8570,5,114,9,18,8
MMR005,Sagaing,စစ်ကိုင်းတိုင်းဒေသကြီး,MMR005030,Tamu,တမူး,112197,13447,7111,5,173,28,39,5
MMR005,Sagaing,စစ်ကိုင်းတိုင်းဒေသကြီး,MMR005031,Mawlaik,မော်လိုက်,51037,5114,4155,5,82,6,6,2
MMR005,Sagaing,စစ်ကိုင်းတိုင်းဒေသကြီး,MMR005032,Paungbyin,ဖေါင်းပြင်,107891,13454,8631,6,NA,7,17,4
MMR005,Sagaing,စစ်ကိုင်းတိုင်းဒေသကြီး,MMR005033,Hkamti,ခန္တီး,35903,4843,2031,5,116,20,26,2
MMR005,Sagaing,စစ်ကိုင်းတိုင်းဒေသကြီး,MMR005034,Homalin,ဟုမ္မလင်း,205792,30992,12772,6,228,24,49,12
MMR005,Sagaing,စစ်ကိုင်းတိုင်းဒေသကြီး,MMR005035,Lay Shi,လေရှီး,18140,2471,935,5,41,5,12,3
MMR005,Sagaing,စစ်ကိုင်းတိုင်းဒေသကြီး,MMR005036,Lahe,လဟယ်,54713,6395,3095,6,91,3,9,4
MMR005,Sagaing,စစ်ကိုင်းတိုင်းဒေသကြီး,MMR005037,Nanyun,နန်းယွန်း,54378,7055,2907,6,57,9,8,3
MMR006,Tanintharyi,တနင်္သာရီတိုင်းဒေသကြီး,MMR006001,Dawei,ထားဝယ်,134138,12965,14544,5,216,9,46,7
MMR006,Tanintharyi,တနင်္သာရီတိုင်းဒေသကြီး,MMR006002,Launglon,လောင်းလုံ,105987,11610,14133,5,NA,6,18,6
MMR006,Tanintharyi,တနင်္သာရီတိုင်းဒေသကြီး,MMR006003,Thayetchaung,သရက်ချောင်း,121637,10359,12226,5,57,5,22,3
MMR006,Tanintharyi,တနင်္သာရီတိုင်းဒေသကြီး,MMR006004,Yebyu,ရေဖြူ,119458,12739,10356,4,73,4,29,4
MMR006,Tanintharyi,တနင်္သာရီတိုင်းဒေသကြီး,MMR006005,Myeik,မြိတ်,255796,27430,21123,5,200,89,40,10
MMR006,Tanintharyi,တနင်္သာရီတိုင်းဒေသကြီး,MMR006006,Kyunsu,ကျွန်းစု,175234,21532,8464,5,0,6,26,5
MMR006,Tanintharyi,တနင်္သာရီတိုင်းဒေသကြီး,MMR006007,Palaw,ပုလော,1321726,14103,10594,5,130,10,48,5
MMR006,Tanintharyi,တနင်္သာရီတိုင်းဒေသကြီး,MMR006008,Tanintharyi,တနင်္သာရီ,97869,12625,6109,5,82,5,23,5
MMR006,Tanintharyi,တနင်္သာရီတိုင်းဒေသကြီး,MMR006009,Kawthoung,ကော့သောင်း,106910,14553,8200,4,164,25,69,8
MMR006,Tanintharyi,တနင်္သာရီတိုင်းဒေသကြီး,MMR006010,Bokpyin,ဘုတ်ပြင်း,63081,9902,3302,5,82,4,18,3
MMR009,Magway,မကွေးတိုင်းဒေသကြီး,MMR009001,Magway,မကွေး,293489,23334,29330,4,500,73,326,11
MMR009,Magway,မကွေးတိုင်းဒေသကြီး,MMR009002,Yenangyaung,ရေနံချောင်း,155016,10834,16474,4,98,9,24,8
MMR009,Magway,မကွေးတိုင်းဒေသကြီး,MMR009003,Chauk,ချောက်,212733,14570,22270,4,248,7,24,12
MMR009,Magway,မကွေးတိုင်းဒေသကြီး,MMR009004,Taungdwingyi,တောင်တွင်းကြီး,266275,22102,26329,4,82,9,26,9
MMR009,Magway,မကွေးတိုင်းဒေသကြီး,MMR009005,Myothit,မြို့သစ်,179544,15055,16487,4,NA,12,26,8
MMR009,Magway,မကွေးတိုင်းဒေသကြီး,MMR009006,Natmauk,နတ်မောက်,236885,18417,25123,4,82,5,21,8
MMR009,Magway,မကွေးတိုင်းဒေသကြီး,MMR009007,Minbu,မင်းဘူး,180536,14714,18053,4,NA,82,289,12
MMR009,Magway,မကွေးတိုင်းဒေသကြီး,MMR009008,Pwintbyu,ပွင့်ဖြူ,177392,13746,16162,4,73,8,27,8
MMR009,Magway,မကွေးတိုင်းဒေသကြီး,MMR009009,Ngape,ငဖဲ,51806,5217,4827,4,41,6,19,4
MMR009,Magway,မကွေးတိုင်းဒေသကြီး,MMR009010,Salin,စလင်း,250250,19213,24849,4,123,14,38,8
MMR009,Magway,မကွေးတိုင်းဒေသကြီး,MMR009011,Sidoktaya,စေတုတ္တရာ,45297,4400,5043,4,41,5,15,3
MMR009,Magway,မကွေးတိုင်းဒေသကြီး,MMR009012,Thayet,သရက်,104580,7169,11634,4,116,23,38,5
MMR009,Magway,မကွေးတိုင်းဒေသကြီး,MMR009013,Minhla,မင်းလှ,122903,11338,12745,4,114,6,20,8
MMR009,Magway,မကွေးတိုင်းဒေသကြီး,MMR009014,Mindon,မင်းတုန်း,62118,4138,9082,4,57,5,21,10
MMR009,Magway,မကွေးတိုင်းဒေသကြီး,MMR009015,Kamma,ကံမ,73473,5298,9463,4,57,6,14,4
MMR009,Magway,မကွေးတိုင်းဒေသကြီး,MMR009016,Aunglan,အောင်လံ,235935,18499,22878,4,130,11,32,9
MMR009,Magway,မကွေးတိုင်းဒေသကြီး,MMR009017,Sinbaungwe,ဆင်ပေါင်ဝဲ,117588,9911,11838,4,73,4,NA,99
MMR009,Magway,မကွေးတိုင်းဒေသကြီး,MMR009018,Pakokku,ပခုက္ကူ,318751,23952,33280,4,264,103,203,11
MMR009,Magway,မကွေးတိုင်းဒေသကြီး,MMR009019,Yesagyo,ရေစကြို,246608,18522,25803,5,180,24,62,13
MMR009,Magway,မကွေးတိုင်းဒေသကြီး,MMR009020,Myaing,မြိုင်,271726,19972,27735,4,98,9,36,11
MMR009,Magway,မကွေးတိုင်းဒေသကြီး,MMR009021,Pauk,ပေါက်,182785,16962,16585,4,73,7,27,9
MMR009,Magway,မကွေးတိုင်းဒေသကြီး,MMR009022,Seikphyu,ဆိပ်ဖြူ,107834,9752,9934,4,82,6,29,4
MMR009,Magway,မကွေးတိုင်းဒေသကြီး,MMR009023,Gangaw,ဂန့်ဂေါ,NA,10787,12757,4,180,NA,NA,NA
MMR009,Magway,မကွေးတိုင်းဒေသကြီး,MMR009024,Tilin,ထီးလင်း,50033,3331,7107,5,73,7,32,4
MMR009,Magway,မကွေးတိုင်းဒေသကြီး,MMR009025,Saw,ဆော,69586,5026,8710,4,57,6,26,6
MMR010,Mandalay,မန္တလေးတိုင်းဒေသကြီး,MMR010001,Aungmyaythazan,အောင်မြေသာဇံ,183966,16712,22320,5,NA,11,5,1
MMR010,Mandalay,မန္တလေးတိုင်းဒေသကြီး,MMR010002,Chanayethazan,ချမ်းအေးသာဇံ,148027,9980,17627,5,2950,7,5,1
MMR010,Mandalay,မန္တလေးတိုင်းဒေသကြီး,MMR010003,Mahaaungmyay,မဟာအောင်မြေ,NA,15104,18466,5,16,NA,NA,NA
MMR010,Mandalay,မန္တလေးတိုင်းဒေသကြီး,MMR010004,Chanmyathazi,ချမ်းမြသာစည်,215394,20903,20851,5,1000,106,9,1
MMR010,Mandalay,မန္တလေးတိုင်းဒေသကြီး,MMR010005,Pyigyitagon,ပြည်ကြီးတံခွန်,154822,19744,14695,5,NA,6,2,0
MMR010,Mandalay,မန္တလေးတိုင်းဒေသကြီး,MMR010006,Amarapura,အမရပူရ,185305,19243,20145,5,123,9,19,5
MMR010,Mandalay,မန္တလေးတိုင်းဒေသကြီး,MMR010007,Patheingyi,ပုသိမ်ကြီး,212526,24484,18205,5,273,12,14,6
MMR010,Mandalay,မန္တလေးတိုင်းဒေသကြီး,MMR010008,Pyinoolwin,ပြင်ဦးလွင်,179498,19915,18652,4,366,109,168,8
MMR010,Mandalay,မန္တလေးတိုင်းဒေသကြီး,MMR010009,Madaya,မတ္တရာ,NA,23486,21088,4,330,14,24,7
MMR010,Mandalay,မန္တလေးတိုင်းဒေသကြီး,MMR010010,Singu,စဉ့်ကူး,143756,14850,12277,5,98,11,18,6
MMR010,Mandalay,မန္တလေးတိုင်းဒေသကြီး,MMR010011,Mogoke,မိုးကုတ်,171564,13946,13895,5,116,27,51,4
MMR010,Mandalay,မန္တလေးတိုင်းဒေသကြီး,MMR010012,Thabeikkyin,သပိတ်ကျဉ်း,125776,17568,8416,5,NA,14,19,4
MMR010,Mandalay,မန္တလေးတိုင်းဒေသကြီး,MMR010013,Kyaukse,ကျောက်ဆည်,258490,21972,20910,4,291,68,111,7
MMR010,Mandalay,မန္တလေးတိုင်းဒေသကြီး,MMR010014,Sintgaing,စဉ့်ကိုင်,132858,12181,13818,4,66,10,14,3
MMR010,Mandalay,မန္တလေးတိုင်းဒေသကြီး,MMR010015,Myittha,မြစ်သား,193203,16171,17539,4,123,14,28,5
MMR010,Mandalay,မန္တလေးတိုင်းဒေသကြီး,MMR010016,Tada-U,တံတားဦး,140700,11275,15260,4,98,13,26,6
MMR010,Mandalay,မန္တလေးတိုင်းဒေသကြီး,MMR010017,Myingyan,မြင်းခြံ,281489,20138,31755,4,148,38,59,9
MMR010,Mandalay,မန္တလေးတိုင်းဒေသကြီး,MMR010018,Taungtha,တောင်သာ,245196,17454,25757,4,114,13,25,8
MMR010,Mandalay,မန္တလေးတိုင်းဒေသကြီး,MMR010019,Natogyi,နွားထိုးကြီး,202284,13918,21622,4,98,9,20,8
MMR010,Mandalay,မန္တလေးတိုင်းဒေသကြီး,MMR010020,Kyaukpadaung,ကျောက်ပန်းတောင်း,291561,21729,32138,4,150,9,27,9
MMR010,Mandalay,မန္တလေးတိုင်းဒေသကြီး,MMR010021,Ngazun,ငါန်းဇွန်,140501,9718,16003,4,82,8,18,7
MMR010,Mandalay,မန္တလေးတိုင်းဒေသကြီး,MMR010022,Nyaung-U,ညောင်ဦး,247958,18047,27676,4,264,54,125,13
MMR010,Mandalay,မန္တလေးတိုင်းဒေသကြီး,MMR010023,Yamethin,ရမည်းသင်း,253940,19832,24714,4,0,37,66,7
MMR010,Mandalay,မန္တလေးတိုင်းဒေသကြီး,MMR010024,Pyawbwe,ပျော်ဘွယ်,272838,21751,27559,4,162,13,26,7
MMR010,Mandalay,မန္တလေးတိုင်းဒေသကြီး,MMR010028,Meiktila,မိတ္ထီလာ,299943,25219,34059,4,232,94,134,14
MMR010,Mandalay,မန္တလေးတိုင်းဒေသကြီး,MMR010029,Mahlaing,မလှိုင်,175373,11380,18921,4,98,12,21,6
MMR010,Mandalay,မန္တလေးတိုင်းဒေသကြီး,MMR010030,Thazi,သာစည်,198449,18512,19612,4,125,12,20,5
MMR010,Mandalay,မန္တလေးတိုင်းဒေသကြီး,MMR010031,Wundwin,ဝမ်းတွင်း,235575,17201,26379,4,98,12,23,6
MMR011,Mon,မွန်ပြည်နယ်,MMR011001,Mawlamyine,မော်လမြိုင်,258003,22510,30573,5,748,38,27,6
MMR011,Mon,မွန်ပြည်နယ်,MMR011002,Kyaikmaraw,ကျိုက္မရော,222091,21997,19040,5,NA,5,13,7
MMR011,Mon,မွန်ပြည်နယ်,MMR011003,Chaungzon,ချောင်းဆုံ,NA,10653,15205,4,98,9,39,8
MMR011,Mon,မွန်ပြည်နယ်,MMR011004,Thanbyuzayat,သံဖြူဇရပ်,160538,15215,17401,5,130,16,41,6
MMR011,Mon,မွန်ပြည်နယ်,MMR011005,Mudon,မုဒုံ,185012,16512,22665,5,41,21,29,9
MMR011,Mon,မွန်ပြည်နယ်,MMR011006,Ye,ရေး,265142,25564,24579,5,164,1,2,7
MMR011,Mon,မွန်ပြည်နယ်,MMR011007,Thaton,သထုံ,233867,23753,21816,5,116,18,89,5
MMR011,Mon,မွန်ပြည်နယ်,MMR011008,Paung,ပေါင်,NA,21592,21775,5,130,10,34,11
MMR011,Mon,မွန်ပြည်နယ်,MMR011009,Kyaikto,ကျိုက်ထို,156091,18149,14079,4,82,8,20,20
MMR011,Mon,မွန်ပြည်နယ်,MMR011010,Bilin,ဘီးလင်း,187465,18210,16348,4,89,10,29,10
MMR012,Rakhine,ရခိုင်ပြည်နယ်,MMR012001,Sittwe,စစ်တွေ,229376,10720,12309,5,516,70,208,9
MMR012,Rakhine,ရခိုင်ပြည်နယ်,MMR012002,Ponnagyun,ပုဏ္ဏားကျွန်း,137845,11296,11425,5,73,6,42,5
MMR012,Rakhine,ရခိုင်ပြည်နယ်,MMR012003,Mrauk-U,မြောက်ဦး,232434,16028,16418,5,148,7,40,8
MMR012,Rakhine,ရခိုင်ပြည်နယ်,MMR012004,Kyauktaw,ကျောက်တော်,217867,15320,16719,5,82,5,14,6
MMR012,Rakhine,ရခိုင်ပြည်နယ်,MMR012005,Minbya,မင်းပြား,216234,15087,13910,5,82,7,32,7
MMR012,Rakhine,ရခိုင်ပြည်နယ်,MMR012006,Myebon,မြေပုံ,143886,13649,11279,4,114,5,19,8
MMR012,Rakhine,ရခိုင်ပြည်နယ်,MMR012007,Pauktaw,ပေါက်တော,187000,12375,10801,5,41,4,12,6
MMR012,Rakhine,ရခိုင်ပြည်နယ်,MMR012008,Rathedaung,ရသေ့တောင်,136716,8926,11056,5,41,4,15,6
MMR012,Rakhine,ရခိုင်ပြည်နယ်,MMR012009,Maungdaw,မောင်တော,528812,4026,2505,5,114,11,31,5
MMR012,Rakhine,ရခိုင်ပြည်နယ်,MMR012010,Buthidaung,ဘူးသီးတောင်,308144,5847,3536,5,82,7,26,7
MMR012,Rakhine,ရခိုင်ပြည်နယ်,MMR012011,Kyaukpyu,ကျောက်ဖြူ,167025,14019,18633,4,232,22,51,6
MMR012,Rakhine,ရခိုင်ပြည်နယ်,MMR012012,Munaung,မာန်အောင်,60873,3721,11080,4,82,5,35,7
MMR012,Rakhine,ရခိုင်ပြည်နယ်,MMR012013,Ramree,ရမ်းဗြဲ,98270,7778,13833,4,130,8,28,7
MMR012,Rakhine,ရခိုင်ပြည်နယ်,MMR012014,Ann,အမ်း,115909,12496,9972,4,148,12,36,6
MMR012,Rakhine,ရခိုင်ပြည်နယ်,MMR012015,Thandwe,သံတွဲ,116465,9500,16776,4,173,28,49,11
MMR012,Rakhine,ရခိုင်ပြည်နယ်,MMR012016,Toungup,တောင်ကုတ်,149332,13680,16861,4,164,10,66,5
MMR012,Rakhine,ရခိုင်ပြည်နယ်,MMR012017,Gwa,ဂွ,63921,4619,9402,4,82,5,55,5
MMR013,Yangon,ရန်ကုန်ဒေသကြီး,MMR013001,Insein,အင်းစိန်,259771,19282,27228,5,900,6,6,2
MMR013,Yangon,ရန်ကုန်ဒေသကြီး,MMR013002,Mingaladon,မင်္ဂလာဒုံ,255807,23080,25497,4,150,3,2,3
MMR013,Yangon,ရန်ကုန်ဒေသကြီး,MMR013003,Hmawbi,မှော်ဘီ,191020,20298,19493,4,82,7,21,5
MMR013,Yangon,ရန်ကုန်ဒေသကြီး,MMR013004,Hlegu,လှည်းကူး,233392,24000,20318,4,198,15,80,12
MMR013,Yangon,ရန်ကုန်ဒေသကြီး,MMR013005,Taikkyi,တိုက်ကြီး,267597,24544,25317,4,114,9,15,6
MMR013,Yangon,ရန်ကုန်ဒေသကြီး,MMR013006,Htantabin,ထန်းတပင်,131366,13678,10896,4,196,5,10,4
MMR013,Yangon,ရန်ကုန်ဒေသကြီး,MMR013007,Shwepyithar,ရွှေပြည်သာ,273721,26853,26304,5,35,4,13,2
MMR013,Yangon,ရန်ကုန်ဒေသကြီး,MMR013008,Hlaingtharya,လှိုင်သာယာ,414209,54729,37753,5,216,11,22,1
MMR013,Yangon,ရန်ကုန်ဒေသကြီး,MMR013009,Thingangyun,သင်္ဃန်းကျွန်း,202140,12111,22057,5,500,8,3,1
MMR013,Yangon,ရန်ကုန်ဒေသကြီး,MMR013010,Yankin,ရန်ကင်း,66949,3574,8505,5,550,8,4,2
MMR013,Yangon,ရန်ကုန်ဒေသကြီး,MMR013011,South Okkalapa,တောင်ဥက္ကလာပ,154068,8064,18414,5,150,26,39,3
MMR013,Yangon,ရန်ကုန်ဒေသကြီး,MMR013012,North Okkalapa,မြောက်ဥက္ကလာပ,282530,20483,31385,5,1000,25,8,2
MMR013,Yangon,ရန်ကုန်ဒေသကြီး,MMR013013,Thaketa,သာကေတ,220599,12854,21431,5,100,9,22,0
MMR013,Yangon,ရန်ကုန်ဒေသကြီး,MMR013014,Dawbon,ဒေါပုံ,74979,5433,6152,5,NA,2,2,2
MMR013,Yangon,ရန်ကုန်ဒေသကြီး,MMR013015,Tamwe,တာမွေ,166782,8310,19213,4,300,2,11,1
MMR013,Yangon,ရန်ကုန်ဒေသကြီး,MMR013016,Pazundaung,ပုဇွန်တောင်,44779,2200,6137,4,NA,5,7,3
MMR013,Yangon,ရန်ကုန်ဒေသကြီး,MMR013017,Botahtaung,ဗိုလ်တထောင်,39907,2043,4517,4,200,1,1,3
MMR013,Yangon,ရန်ကုန်ဒေသကြီး,MMR013018,Dagon Myothit (South),ဒဂုံမြို့သစ်တောင်ပိုင်း,320099,29095,28370,5,NA,8,16,3
MMR013,Yangon,ရန်ကုန်ဒေသကြီး,MMR013019,Dagon Myothit (North),ဒဂုံမြို့သစ်မြောက်ပိုင်း,195222,11986,25703,5,NA,6,14,0
MMR013,Yangon,ရန်ကုန်ဒေသကြီး,MMR013020,Dagon Myothit (East),ဒဂုံမြို့သစ်အရှေ့ပိုင်း,156336,12589,13948,5,NA,8,22,1
MMR013,Yangon,ရန်ကုန်ဒေသကြီး,MMR013021,Dagon Myothit (Seikkan),ဒဂုံမြို့သစ်ဆိပ်ကမ်း,172379,14731,10946,4,NA,2,24,2
MMR013,Yangon,ရန်ကုန်ဒေသကြီး,MMR013022,Mingalartaungnyunt,မင်္ဂလာတောင်ညွန့်,131729,8135,13396,5,NA,4,4,1
MMR013,Yangon,ရန်ကုန်ဒေသကြီး,MMR013023,Thanlyin,သန်လျှင်,242107,21473,22112,4,NA,58,139,5
MMR013,Yangon,ရန်ကုန်ဒေသကြီး,MMR013024,Kyauktan,ကျောက်တန်း,165937,12703,14800,4,130,13,23,9
MMR013,Yangon,ရန်ကုန်ဒေသကြီး,MMR013025,Thongwa,သုံးခွ,163165,12964,14595,4,66,7,22,5
MMR013,Yangon,ရန်ကုန်ဒေသကြီး,MMR013026,Kayan,ခရမ်း,166395,13432,14906,4,98,14,29,7
MMR013,Yangon,ရန်ကုန်ဒေသကြီး,MMR013027,Twantay,တွံတေး,227953,20445,16924,4,82,7,18,6
MMR013,Yangon,ရန်ကုန်ဒေသကြီး,MMR013028,Kawhmu,ကော့မှုး,131732,10065,9943,4,NA,7,19,5
MMR013,Yangon,ရန်ကုန်ဒေသကြီး,MMR013029,Kungyangon,ကွမ်းခြံကုန်း,120948,9338,9822,4,57,9,11,5
MMR013,Yangon,ရန်ကုန်ဒေသကြီး,MMR013030,Dala,ဒလ,153397,15772,12064,5,57,6,18,2
MMR013,Yangon,ရန်ကုန်ဒေသကြီး,MMR013031,Seikgyikanaungto,ဆိပ်ကြီးခနောင်တို,33944,3196,2334,4,25,4,6,0
MMR013,Yangon,ရန်ကုန်ဒေသကြီး,MMR013032,Cocokyun,ကိုကိုးကျွန်း,1115,136,71,3,25,1,2,0
MMR013,Yangon,ရန်ကုန်ဒေသကြီး,MMR013033,Kyauktada,ကျောက်တံတား,27815,1297,4139,4,NA,4,5,1
MMR013,Yangon,ရန်ကုန်ဒေသကြီး,MMR013034,Pabedan,ပန်းပဲတန်း,30386,1679,4204,5,NA,3,5,1
MMR013,Yangon,ရန်ကုန်ဒေသကြီး,MMR013035,Lanmadaw,လမ်းမတော်,37238,1441,5735,4,1500,5,2,1
MMR013,Yangon,ရန်ကုန်ဒေသကြီး,MMR013036,Latha,လသာ,27341,665,3540,4,2000,4,2,2
MMR013,Yangon,ရန်ကုန်ဒေသကြီး,MMR013037,Ahlone,အလုံ,54843,2468,6130,4,NA,2,6,2
MMR013,Yangon,ရန်ကုန်ဒေသကြီး,MMR013038,Kyeemyindaing,ကြည့်မြင်တိုင်,101287,7690,10424,5,616,6,13,1
MMR013,Yangon,ရန်ကုန်ဒေသကြီး,MMR013039,Sanchaung,စမ်းချောင်း,86081,3895,12244,4,NA,6,2,2
MMR013,Yangon,ရန်ကုန်ဒေသကြီး,MMR013040,Hlaing,လှိုင်,125060,7784,16684,5,NA,2,2,2
MMR013,Yangon,ရန်ကုန်ဒေသကြီး,MMR013041,Kamaryut,ကမာရွတ်,NA,3193,8711,5,100,3,3,0
MMR013,Yangon,ရန်ကုန်ဒေသကြီး,MMR013042,Mayangone,မရမ်းကုန်း,189821,10896,18685,5,250,3,7,1
MMR013,Yangon,ရန်ကုန်ဒေသကြီး,MMR013043,Dagon,ဒဂုံ,25211,1163,2734,4,500,4,2,1
MMR013,Yangon,ရန်ကုန်ဒေသကြီး,MMR013044,Bahan,ဗဟန်း,NA,3848,11375,5,50,NA,NA,NA
MMR013,Yangon,ရန်ကုန်ဒေသကြီး,MMR013045,Seikkan,ဆိပ်ကမ်း,1546,157,173,5,NA,1,1,0
MMR017,Ayeyarwady,ဧရာဝတီတိုင်းဒေသကြီး,MMR017001,Pathein,ပုသိမ်,337405,30247,33062,4,573,11,30,8
MMR017,Ayeyarwady,ဧရာဝတီတိုင်းဒေသကြီး,MMR017002,Kangyidaunt,ကန်ကြီးထောင့်,176856,16678,13837,4,73,7,18,7
MMR017,Ayeyarwady,ဧရာဝတီတိုင်းဒေသကြီး,MMR017003,Thabaung,သာပေါင်း,158481,15258,12952,4,73,5,12,5
MMR017,Ayeyarwady,ဧရာဝတီတိုင်းဒေသကြီး,MMR017004,Ngapudaw,ငပုတော,327272,31368,27294,4,194,10,43,14
MMR017,Ayeyarwady,ဧရာဝတီတိုင်းဒေသကြီး,MMR017005,Kyonpyaw,ကျုံပျော်,252400,21433,23400,4,114,16,46,7
MMR017,Ayeyarwady,ဧရာဝတီတိုင်းဒေသကြီး,MMR017006,Yegyi,ရေကြည်,197266,16428,21529,4,105,18,48,9
MMR017,Ayeyarwady,ဧရာဝတီတိုင်းဒေသကြီး,MMR017007,Kyaunggon,ကျောင်းကုန်း,167101,14438,15605,4,82,8,28,9
MMR017,Ayeyarwady,ဧရာဝတီတိုင်းဒေသကြီး,MMR017008,Hinthada,ဟင်္သာတ,344145,27143,39797,4,296,67,194,8
MMR017,Ayeyarwady,ဧရာဝတီတိုင်းဒေသကြီး,MMR017009,Zalun,ဇလွန်,166888,15092,18953,4,89,9,28,7
MMR017,Ayeyarwady,ဧရာဝတီတိုင်းဒေသကြီး,MMR017010,Lemyethna,လေးမျက်နှာ,108173,9013,11151,4,57,7,16,5
MMR017,Ayeyarwady,ဧရာဝတီတိုင်းဒေသကြီး,MMR017011,Myanaung,မြန်အောင်,22403,17042,28202,4,114,10,54,10
MMR017,Ayeyarwady,ဧရာဝတီတိုင်းဒေသကြီး,MMR017012,Kyangin,ကြံခင်း,97514,6721,12301,4,57,5,25,4
MMR017,Ayeyarwady,ဧရာဝတီတိုင်းဒေသကြီး,MMR017013,Ingapu,အင်္ဂပူ,215327,18128,27713,4,89,8,35,7
MMR017,Ayeyarwady,ဧရာဝတီတိုင်းဒေသကြီး,MMR017014,Myaungmya,မြောင်းမြ,298035,27684,24862,4,200,40,79,9
MMR017,Ayeyarwady,ဧရာဝတီတိုင်းဒေသကြီး,MMR017015,Einme,အိမ္မဲ,205654,17978,16725,4,NA,6,23,6
MMR017,Ayeyarwady,ဧရာဝတီတိုင်းဒေသကြီး,MMR017016,Labutta,လပွတ္တာ,330478,37730,20473,4,0,22,80,14
MMR017,Ayeyarwady,ဧရာဝတီတိုင်းဒေသကြီး,MMR017017,Wakema,ဝါးခယ်မ,302866,26833,26198,4,82,8,27,8
MMR017,Ayeyarwady,ဧရာဝတီတိုင်းဒေသကြီး,MMR017018,Mawlamyinegyun,မော်လမြိုင်ကျွန်း,324813,31573,25975,4,148,21,39,15
MMR017,Ayeyarwady,ဧရာဝတီတိုင်းဒေသကြီး,MMR017019,Maubin,မအူပင်,319450,29235,28025,4,248,50,109,14
MMR017,Ayeyarwady,ဧရာဝတီတိုင်းဒေသကြီး,MMR017020,Pantanaw,ပန်းတနော်,268328,24910,24078,4,89,10,30,10
MMR017,Ayeyarwady,ဧရာဝတီတိုင်းဒေသကြီး,MMR017021,Nyaungdon,ညောင်တုန်း,198110,19739,20065,4,139,10,26,8
MMR017,Ayeyarwady,ဧရာဝတီတိုင်းဒေသကြီး,MMR017022,Danubyu,ဓနုဖြူ,189843,15191,19876,4,98,6,29,7
MMR017,Ayeyarwady,ဧရာဝတီတိုင်းဒေသကြီး,MMR017023,Pyapon,ဖျာပုံ,301629,31729,21639,4,280,76,84,11
MMR017,Ayeyarwady,ဧရာဝတီတိုင်းဒေသကြီး,MMR017024,Bogale,ဘိုကလေး,348860,35390,23300,4,196,19,43,10
MMR017,Ayeyarwady,ဧရာဝတီတိုင်းဒေသကြီး,MMR017025,Kyaiklat,ကျိုက်လတ်,193726,18567,16405,4,75,6,20,4
MMR017,Ayeyarwady,ဧရာဝတီတိုင်းဒေသကြီး,MMR017026,Dedaye,ဒေးဒရဲ,228485,18584,16489,4,150,7,20,11
MMR018,Nay Pyi Taw,နေပြည်တော်,MMR018001,Zay Yar Thi Ri,ဇေယျာသီရိ,100265,10728,6379,4,1391,9,35,3
MMR018,Nay Pyi Taw,နေပြည်တော်,MMR018002,Za Bu Thi Ri,ဇမ္ဗူသီရိ,97681,8049,5408,4,1050,8,16,3
MMR018,Nay Pyi Taw,နေပြည်တော်,MMR018003,Tatkon,တပ်ကုန်း,115440,18579,19148,4,116,18,42,4
MMR018,Nay Pyi Taw,နေပြည်တော်,MMR018004,Det Khi Na Thi Ri,ဒက္ခိဏသီရိ,29945,4431,2622,4,50,3,10,1
MMR018,Nay Pyi Taw,နေပြည်တော်,MMR018005,Poke Ba Thi Ri,ပုဗ္ဗသီရိ,99887,11553,7671,4,500,20,50,4
MMR018,Nay Pyi Taw,နေပြည်တော်,MMR018006,Pyinmana,ပျဉ်းမနား,183604,16097,14961,5,200,70,108,8
MMR018,Nay Pyi Taw,နေပြည်တော်,MMR018007,Lewe,လယ်ဝေး,287879,27179,22922,4,157,22,42,10
MMR018,Nay Pyi Taw,နေပြည်တော်,MMR018008,Oke Ta Ra Thi Ri,ဥတ္တရသီရိ,59656,8220,4636,4,2075,5,14,2
MMR007,Bago (East),ပဲခူးတိုင်းဒေသကြီး,MMR007001,Bago,ပဲခူး,434822,42739,41754,4,564,8,12,8
MMR007,Bago (East),ပဲခူးတိုင်းဒေသကြီး,MMR007002,Thanatpin,သနပ်ပင်,164215,15221,11955,4,89,7,21,7
MMR007,Bago (East),ပဲခူးတိုင်းဒေသကြီး,MMR007003,Kawa,ကဝ,222775,19330,17380,4,121,10,28,8
MMR007,Bago (East),ပဲခူးတိုင်းဒေသကြီး,MMR007004,Waw,ဝေါ,199476,18570,15002,5,121,8,24,10
MMR007,Bago (East),ပဲခူးတိုင်းဒေသကြီး,MMR007005,Nyaunglebin,ညောင်လေးပင်,279709,18611,17772,4,98,14,42,9
MMR007,Bago (East),ပဲခူးတိုင်းဒေသကြီး,MMR007006,Kyauktaga,ကျောက်တံခါး,260447,25466,18473,5,130,18,32,10
MMR007,Bago (East),ပဲခူးတိုင်းဒေသကြီး,MMR007007,Daik-U,ဒိုက်ဦး,201982,19830,16666,4,114,8,17,9
MMR007,Bago (East),ပဲခူးတိုင်းဒေသကြီး,MMR007008,Shwegyin,ရွှေကျင်,94936,12224,7261,5,132,20,43,4
MMR007,Bago (East),ပဲခူးတိုင်းဒေသကြီး,MMR007009,Taungoo,တောင်ငူ,241895,23060,23644,4,216,5,175,8
MMR007,Bago (East),ပဲခူးတိုင်းဒေသကြီး,MMR007010,Yedashe,ရေတာရှည်,203839,20823,17324,4,73,6,24,8
MMR007,Bago (East),ပဲခူးတိုင်းဒေသကြီး,MMR007011,Kyaukkyi,ကျောက်ကြီး,119202,12441,8720,5,114,5,24,5
MMR007,Bago (East),ပဲခူးတိုင်းဒေသကြီး,MMR007012,Phyu,ဖြူး,256985,25236,22477,5,189,25,66,8
MMR007,Bago (East),ပဲခူးတိုင်းဒေသကြီး,MMR007013,Oktwin,အုတ်တွင်း,170482,15742,13537,4,57,6,14,6
MMR007,Bago (East),ပဲခူးတိုင်းဒေသကြီး,MMR007014,Htantabin,ထန်းတပင်,121472,11940,9970,4,196,8,21,6
MMR008,Bago (West),ပဲခူးတိုင်းဒေသကြီး,MMR008001,Pyay,ပြည်,225600,15743,27629,4,532,116,216,6
MMR008,Bago (West),ပဲခူးတိုင်းဒေသကြီး,MMR008002,Paukkhaung,ပေါက်ခေါင်း,123600,9317,11760,4,73,7,19,7
MMR008,Bago (West),ပဲခူးတိုင်းဒေသကြီး,MMR008003,Padaung,ပန်းတောင်း,147123,9824,17434,4,82,6,21,4
MMR008,Bago (West),ပဲခူးတိုင်းဒေသကြီး,MMR008004,Paungde,ပေါင်းတည်,141045,9152,16960,4,82,6,21,6
MMR008,Bago (West),ပဲခူးတိုင်းဒေသကြီး,MMR008005,Thegon,သဲကုန်း,129971,7723,17754,4,73,8,25,4
MMR008,Bago (West),ပဲခူးတိုင်းဒေသကြီး,MMR008006,Shwedaung,ရွှေတောင်,130245,7985,16308,4,73,5,21,8
MMR008,Bago (West),ပဲခူးတိုင်းဒေသကြီး,MMR008007,Thayarwady,သာယာဝတီ,154606,13079,16016,4,0,27,58,10
MMR008,Bago (West),ပဲခူးတိုင်းဒေသကြီး,MMR008008,Letpadan,လက်ပံတန်း,190900,16141,18917,4,98,8,23,8
MMR008,Bago (West),ပဲခူးတိုင်းဒေသကြီး,MMR008009,Minhla,မင်းလှ,125324,9999,13834,4,114,5,16,7
MMR008,Bago (West),ပဲခူးတိုင်းဒေသကြီး,MMR008010,Okpho,အုတ်ဖို,131265,10037,13938,4,98,7,24,8
MMR008,Bago (West),ပဲခူးတိုင်းဒေသကြီး,MMR008011,Zigon,ဇီးကုန်း,71017,4713,8982,4,50,4,16,4
MMR008,Bago (West),ပဲခူးတိုင်းဒေသကြီး,MMR008012,Nattalin,နတ္တလင်း,173542,11567,21033,4,NA,7,29,7
MMR008,Bago (West),ပဲခူးတိုင်းဒေသကြီး,MMR008013,Monyo,မိုးညို,136410,10379,15610,4,89,9,27,5
MMR008,Bago (West),ပဲခူးတိုင်းဒေသကြီး,MMR008014,Gyobingauk,ကြို့ပင်ကောက်,121788,7975,14737,4,116,9,22,5
MMR014,Shan (South),ရှမ်းပြည်နယ်,MMR014001,Taunggyi,တောင်ကြီး,385930,37521,31995,4,773,11,21,4
MMR014,Shan (South),ရှမ်းပြည်နယ်,MMR014002,Nyaungshwe,ညောင်ရွှေ,172524,15910,14477,4,132,14,46,6
MMR014,Shan (South),ရှမ်းပြည်နယ်,MMR014003,Hopong,ဟိုပုံး,103360,11901,6594,4,82,9,20,6
MMR014,Shan (South),ရှမ်းပြည်နယ်,MMR014004,Hsihseng,ဆီဆိုင်,138925,18781,8024,5,114,6,30,6
MMR014,Shan (South),ရှမ်းပြည်နယ်,MMR014005,Kalaw,ကလော,162094,16798,11788,4,148,19,66,5
MMR014,Shan (South),ရှမ်းပြည်နယ်,MMR014006,Pindaya,ပင်းတယ,82257,7016,6015,4,82,10,34,2
MMR014,Shan (South),ရှမ်းပြည်နယ်,MMR014007,Ywangan,ရွာငံ,NA,7617,6465,4,57,4,16,6
MMR014,Shan (South),ရှမ်းပြည်နယ်,MMR014008,Lawksawk,ရပ်စောက်,147015,16426,9277,5,114,12,32,3
MMR014,Shan (South),ရှမ်းပြည်နယ်,MMR014009,Pinlaung,ပင်လောင်း,181513,19227,12724,4,89,8,27,5
MMR014,Shan (South),ရှမ်းပြည်နယ်,MMR014010,Pekon,ဖယ်ခုံ,105117,13736,5080,5,89,7,29,6
MMR014,Shan (South),ရှမ်းပြည်နယ်,MMR014011,Loilen,လွိုင်လင်,123635,13543,8772,5,241,32,125,4
MMR014,Shan (South),ရှမ်းပြည်နယ်,MMR014012,Laihka,လဲချား,49470,4110,3555,5,25,3,15,2
MMR014,Shan (South),ရှမ်းပြည်နယ်,MMR014013,Nansang,နမ့်စန်,78832,12074,6643,5,NA,2,14,6
MMR014,Shan (South),ရှမ်းပြည်နယ်,MMR014014,Kunhing,ကွန်ဟိန်း,52250,4714,4237,5,41,4,20,4
MMR014,Shan (South),ရှမ်းပြည်နယ်,MMR014015,Kyethi,ကျေးသီး,75968,7762,5253,5,66,3,20,3
MMR014,Shan (South),ရှမ်းပြည်နယ်,MMR014016,Mongkaing,မိုင်းကိုင်,72751,8148,6592,4,25,2,13,3
MMR014,Shan (South),ရှမ်းပြည်နယ်,MMR014017,Monghsu,မိုင်းရှုး,71591,7043,4154,4,NA,3,13,3
MMR014,Shan (South),ရှမ်းပြည်နယ်,MMR014018,Langkho,လင်းခေး,46740,2798,4794,4,82,5,23,3
MMR014,Shan (South),ရှမ်းပြည်နယ်,MMR014019,Mongnai,မိုးနဲ,40796,3733,3157,4,50,5,12,2
MMR014,Shan (South),ရှမ်းပြည်နယ်,MMR014020,Mawkmai,မောက်မယ်,35381,4249,2081,5,41,4,11,3
MMR014,Shan (South),ရှမ်းပြည်နယ်,MMR014021,Mongpan,မိုင်းပန်,16311,2221,1940,4,25,3,8,4
MMR015,Shan (North),ရှမ်းပြည်နယ်,MMR015001,Lashio,လားရှိုး,287969,30642,24917,5,548,8,18,7
MMR015,Shan (North),ရှမ်းပြည်နယ်,MMR015002,Hseni,သိန်းနီ,54065,5753,4701,5,NA,5,20,3
MMR015,Shan (North),ရှမ်းပြည်နယ်,MMR015003,Mongyai,မိုင်းရယ်,59457,5893,4005,4,25,2,14,3
MMR015,Shan (North),ရှမ်းပြည်နယ်,MMR015004,Tangyan,တန့်ယန်း,170748,19006,11704,5,NA,4,25,4
MMR015,Shan (North),ရှမ်းပြည်နယ်,MMR015005,Pangsang,ပန်ဆန်း,NA,12798,5590,5,NA,NA,NA,NA
MMR015,Shan (North),ရှမ်းပြည်နယ်,MMR015006,Narphan,နားဖန့်,NA,14015,8025,7,NA,NA,NA,NA
MMR015,Shan (North),ရှမ်းပြည်နယ်,MMR015007,Pangwaun,ပန်ဝိုင်း,NA,11168,6999,7,NA,NA,NA,NA
MMR015,Shan (North),ရှမ်းပြည်နယ်,MMR015008,Mongmao,မိုင်းမော,NA,8719,5333,7,NA,NA,NA,NA
MMR015,Shan (North),ရှမ်းပြည်နယ်,MMR015009,Muse,မူဆယ်,154267,16024,11198,5,164,21,82,4
MMR015,Shan (North),ရှမ်းပြည်နယ်,MMR015010,Namhkan,နမ့်ခမ်း,115213,10844,8795,5,NA,12,59,3
MMR015,Shan (North),ရှမ်းပြည်နယ်,MMR015011,Kutkai,ကွတ်ခိုင်,179747,20230,12568,5,123,9,37,9
MMR015,Shan (North),ရှမ်းပြည်နယ်,MMR015012,Kyaukme,ကျောက်မဲ,178595,16507,14586,4,214,20,51,4
MMR015,Shan (North),ရှမ်းပြည်နယ်,MMR015013,Nawnghkio,နောင်ချို,123173,13652,10211,4,73,8,17,8
MMR015,Shan (North),ရှမ်းပြည်နယ်,MMR015014,Hsipaw,သီပေါ,177840,17683,11834,4,141,20,62,5
MMR015,Shan (North),ရှမ်းပြည်နယ်,MMR015015,Namtu,နမ္မတူ,51613,5318,4249,4,250,4,35,3
MMR015,Shan (North),ရှမ်းပြည်နယ်,MMR015016,Namhsan,နမ့်ဆန်,78832,8007,5708,5,NA,2,14,6
MMR015,Shan (North),ရှမ်းပြည်နယ်,MMR015017,Mongmit,မိုးမိတ်,63711,6018,4946,4,66,4,22,3
MMR015,Shan (North),ရှမ်းပြည်နယ်,MMR015018,Mabein,မဘိမ်း,40241,4208,3051,5,41,3,21,5
MMR015,Shan (North),ရှမ်းပြည်နယ်,MMR015019,Manton,မန်တုန်,34865,5162,2591,5,NA,2,10,0
MMR015,Shan (North),ရှမ်းပြည်နယ်,MMR015020,Kunlong,ကွမ်းလုံ,57489,7287,4124,5,66,4,18,3
MMR015,Shan (North),ရှမ်းပြည်နယ်,MMR015021,Hopang,ဟိုပန်,23426,7154,4406,5,66,1,22,1
MMR015,Shan (North),ရှမ်းပြည်နယ်,MMR015022,Laukkaing,လောက်ကိုင်,55185,10259,5430,6,82,4,23,2
MMR015,Shan (North),ရှမ်းပြည်နယ်,MMR015023,Konkyan,ကုန်းကြမ်း,42368,6551,4053,6,41,1,9,0
MMR015,Shan (North),ရှမ်းပြည်နယ်,MMR015024,Matman,မက်မန်း,17911,3043,1007,6,41,2,20,0
MMR016,Shan (East),ရှမ်းပြည်နယ်,MMR016001,Kengtung,ကျိုင်းတုံ,169730,16717,14687,5,248,7,38,4
MMR016,Shan (East),ရှမ်းပြည်နယ်,MMR016002,Mongkhet,မိုင်းခတ်,45330,5033,2945,5,41,2,13,2
MMR016,Shan (East),ရှမ်းပြည်နယ်,MMR016003,Mongyang,မိုင်းယန်း,49537,11475,7835,5,25,3,20,2
MMR016,Shan (East),ရှမ်းပြည်နယ်,MMR016005,Mongla,မိုင်းလား,NA,3073,2323,5,NA,NA,NA,NA
MMR016,Shan (East),ရှမ်းပြည်နယ်,MMR016006,Monghsat,မိုင်းဆတ်,84368,14499,5012,5,82,5,25,4
MMR016,Shan (East),ရှမ်းပြည်နယ်,MMR016007,Mongping,မိုင်းပျင်း,62312,8908,4363,5,NA,2,12,0
MMR016,Shan (East),ရှမ်းပြည်နယ်,MMR016008,Mongton,မိုင်းတုံ,55142,8498,3400,5,57,2,46,3
MMR016,Shan (East),ရှမ်းပြည်နယ်,MMR016009,Tachileik,တာချီလိတ်,140108,16229,12420,4,148,22,94,9
MMR016,Shan (East),ရှမ်းပြည်နယ်,MMR016010,Monghpyak,မိုင်းဖြတ်,27504,3840,2114,5,25,1,11,2
MMR016,Shan (East),ရှမ်းပြည်နယ်,MMR016011,Mongyawng,မိုင်းယောင်း,59457,7168,6884,4,50,2,14,3